Registry,Project Type Category,Vintage Year,Total Credits Issued,total_credits_retired,retirement_rate
ACR,Afforestation/Reforestation,2009.0,1119,4347417,37.9
ACR,Afforestation/Reforestation,2010.0,42898,4347417,37.9
ACR,Afforestation/Reforestation,2011.0,3706128,4347417,37.9
ACR,Afforestation/Reforestation,2012.0,369621,4347417,37.9
ACR,Afforestation/Reforestation,2013.0,477297,4347417,37.9
ACR,Afforestation/Reforestation,2014.0,182626,4347417,37.9
ACR,Afforestation/Reforestation,2015.0,1054928,4347417,37.9
ACR,Afforestation/Reforestation,2016.0,165976,4347417,37.9
ACR,Afforestation/Reforestation,2017.0,1107890,4347417,37.9
ACR,Afforestation/Reforestation,2018.0,308550,4347417,37.9
ACR,Afforestation/Reforestation,2019.0,1364185,4347417,37.9
ACR,Afforestation/Reforestation,2020.0,1179164,4347417,37.9
ACR,Afforestation/Reforestation,2021.0,804970,4347417,37.9
ACR,Afforestation/Reforestation,2022.0,716959,4347417,37.9
ACR,Soil & Livestock,2011.0,2,21813,1.2
ACR,Soil & Livestock,2013.0,19183,21813,1.2
ACR,Soil & Livestock,2014.0,24558,21813,1.2
ACR,Soil & Livestock,2015.0,237423,21813,1.2
ACR,Soil & Livestock,2016.0,270942,21813,1.2
ACR,Soil & Livestock,2017.0,314532,21813,1.2
ACR,Soil & Livestock,2018.0,288967,21813,1.2
ACR,Soil & Livestock,2019.0,298295,21813,1.2
ACR,Soil & Livestock,2020.0,190533,21813,1.2
ACR,Soil & Livestock,2021.0,99693,21813,1.2
ACR,Soil & Livestock,2022.0,44778,21813,1.2
ACR,Soil & Livestock,2023.0,40128,21813,1.2
ACR,Soil & Livestock,2024.0,23141,21813,1.2
ACR,Bioenergy,2005.0,316,127,11.2
ACR,Bioenergy,2006.0,352,127,11.2
ACR,Bioenergy,2007.0,342,127,11.2
ACR,Bioenergy,2008.0,128,127,11.2
ACR,Electric vehicles,2003.0,3832,840206,88.0
ACR,Electric vehicles,2004.0,5689,840206,88.0
ACR,Electric vehicles,2005.0,13528,840206,88.0
ACR,Electric vehicles,2006.0,52424,840206,88.0
ACR,Electric vehicles,2007.0,138386,840206,88.0
ACR,Electric vehicles,2008.0,163974,840206,88.0
ACR,Electric vehicles,2009.0,112296,840206,88.0
ACR,Electric vehicles,2010.0,63490,840206,88.0
ACR,Electric vehicles,2011.0,80065,840206,88.0
ACR,Electric vehicles,2012.0,91789,840206,88.0
ACR,Electric vehicles,2013.0,104540,840206,88.0
ACR,Electric vehicles,2014.0,104696,840206,88.0
ACR,Electric vehicles,2015.0,6945,840206,88.0
ACR,Electric vehicles,2016.0,5597,840206,88.0
ACR,Electric vehicles,2017.0,3528,840206,88.0
ACR,Electric vehicles,2018.0,2565,840206,88.0
ACR,Electric vehicles,2019.0,1857,840206,88.0
ACR,Forest management,2011.0,16032,12920391,6.6
ACR,Forest management,2012.0,4472885,12920391,6.6
ACR,Forest management,2013.0,1190083,12920391,6.6
ACR,Forest management,2014.0,2419251,12920391,6.6
ACR,Forest management,2015.0,16294597,12920391,6.6
ACR,Forest management,2016.0,31791840,12920391,6.6
ACR,Forest management,2017.0,28178218,12920391,6.6
ACR,Forest management,2018.0,14841681,12920391,6.6
ACR,Forest management,2019.0,19376347,12920391,6.6
ACR,Forest management,2020.0,13251185,12920391,6.6
ACR,Forest management,2021.0,14907749,12920391,6.6
ACR,Forest management,2022.0,16353828,12920391,6.6
ACR,Forest management,2023.0,17143796,12920391,6.6
ACR,Forest management,2024.0,13443770,12920391,6.6
ACR,Forest management,2025.0,685284,12920391,6.6
ACR,Fossil gas leaks,2014.0,280667,5016,0.0
ACR,Fossil gas leaks,2015.0,490301,5016,0.0
ACR,Fossil gas leaks,2016.0,504479,5016,0.0
ACR,Fossil gas leaks,2017.0,664696,5016,0.0
ACR,Fossil gas leaks,2018.0,677134,5016,0.0
ACR,Fossil gas leaks,2019.0,661055,5016,0.0
ACR,Fossil gas leaks,2020.0,637905,5016,0.0
ACR,Fossil gas leaks,2021.0,1317563,5016,0.0
ACR,Fossil gas leaks,2022.0,2005210,5016,0.0
ACR,Fossil gas leaks,2023.0,3122394,5016,0.0
ACR,Fossil gas leaks,2024.0,3721981,5016,0.0
ACR,Fossil gas leaks,2025.0,1303517,5016,0.0
ACR,Heat recovery,2003.0,135250,2168,0.5
ACR,Heat recovery,2004.0,164750,2168,0.5
ACR,Heat recovery,2005.0,139035,2168,0.5
ACR,Industrial efficiency,2003.0,1898382,21514850,20.4
ACR,Industrial efficiency,2004.0,3004613,21514850,20.4
ACR,Industrial efficiency,2005.0,3081011,21514850,20.4
ACR,Industrial efficiency,2008.0,319,21514850,20.4
ACR,Industrial efficiency,2009.0,61523,21514850,20.4
ACR,Industrial efficiency,2010.0,97226,21514850,20.4
ACR,Industrial efficiency,2011.0,94841,21514850,20.4
ACR,Industrial efficiency,2012.0,414463,21514850,20.4
ACR,Industrial efficiency,2013.0,955174,21514850,20.4
ACR,Industrial efficiency,2014.0,1039469,21514850,20.4
ACR,Industrial efficiency,2015.0,1222853,21514850,20.4
ACR,Industrial efficiency,2016.0,2059974,21514850,20.4
ACR,Industrial efficiency,2017.0,2084927,21514850,20.4
ACR,Industrial efficiency,2018.0,2554864,21514850,20.4
ACR,Industrial efficiency,2019.0,12056982,21514850,20.4
ACR,Industrial efficiency,2020.0,16360943,21514850,20.4
ACR,Industrial efficiency,2021.0,13611270,21514850,20.4
ACR,Industrial efficiency,2022.0,13441893,21514850,20.4
ACR,Industrial efficiency,2023.0,17416015,21514850,20.4
ACR,Industrial efficiency,2024.0,9351552,21514850,20.4
ACR,Industrial efficiency,2025.0,3380744,21514850,20.4
ACR,Landfill gas,1998.0,48826,2064583,43.7
ACR,Landfill gas,1999.0,74895,2064583,43.7
ACR,Landfill gas,2000.0,114507,2064583,43.7
ACR,Landfill gas,2001.0,114478,2064583,43.7
ACR,Landfill gas,2002.0,110796,2064583,43.7
ACR,Landfill gas,2003.0,309610,2064583,43.7
ACR,Landfill gas,2004.0,320249,2064583,43.7
ACR,Landfill gas,2005.0,358764,2064583,43.7
ACR,Landfill gas,2006.0,969426,2064583,43.7
ACR,Landfill gas,2007.0,727364,2064583,43.7
ACR,Landfill gas,2008.0,244983,2064583,43.7
ACR,Landfill gas,2009.0,108593,2064583,43.7
ACR,Landfill gas,2010.0,128923,2064583,43.7
ACR,Landfill gas,2011.0,40121,2064583,43.7
ACR,Landfill gas,2018.0,36604,2064583,43.7
ACR,Landfill gas,2019.0,50086,2064583,43.7
ACR,Landfill gas,2020.0,62370,2064583,43.7
ACR,Landfill gas,2021.0,133689,2064583,43.7
ACR,Landfill gas,2022.0,188689,2064583,43.7
ACR,Landfill gas,2023.0,291359,2064583,43.7
ACR,Landfill gas,2024.0,254243,2064583,43.7
ACR,Mixed renewables,2004.0,5,491681,24.5
ACR,Mixed renewables,2005.0,491,491681,24.5
ACR,Mixed renewables,2006.0,1638,491681,24.5
ACR,Mixed renewables,2007.0,1948,491681,24.5
ACR,Mixed renewables,2009.0,24245,491681,24.5
ACR,Mixed renewables,2010.0,132737,491681,24.5
ACR,Mixed renewables,2011.0,91970,491681,24.5
ACR,Mixed renewables,2012.0,102825,491681,24.5
ACR,Mixed renewables,2013.0,434180,491681,24.5
ACR,Mixed renewables,2014.0,141643,491681,24.5
ACR,Mixed renewables,2015.0,155810,491681,24.5
ACR,Mixed renewables,2016.0,258088,491681,24.5
ACR,Mixed renewables,2017.0,133306,491681,24.5
ACR,Mixed renewables,2018.0,195071,491681,24.5
ACR,Mixed renewables,2019.0,189339,491681,24.5
ACR,Mixed renewables,2020.0,84960,491681,24.5
ACR,Mixed renewables,2021.0,61672,491681,24.5
ACR,Nitric acid,2001.0,125000,0,0.0
ACR,Oil Field Gas Recovery,2000.0,991518,9006519,33.1
ACR,Oil Field Gas Recovery,2001.0,718342,9006519,33.1
ACR,Oil Field Gas Recovery,2002.0,736816,9006519,33.1
ACR,Oil Field Gas Recovery,2003.0,1322814,9006519,33.1
ACR,Oil Field Gas Recovery,2004.0,2739431,9006519,33.1
ACR,Oil Field Gas Recovery,2005.0,4129065,9006519,33.1
ACR,Oil Field Gas Recovery,2006.0,3281336,9006519,33.1
ACR,Oil Field Gas Recovery,2007.0,4372382,9006519,33.1
ACR,Oil Field Gas Recovery,2008.0,3528103,9006519,33.1
ACR,Oil Field Gas Recovery,2009.0,109153,9006519,33.1
ACR,Oil Field Gas Recovery,2010.0,116108,9006519,33.1
ACR,Oil Field Gas Recovery,2011.0,105596,9006519,33.1
ACR,Oil Field Gas Recovery,2012.0,92762,9006519,33.1
ACR,Oil Field Gas Recovery,2013.0,84182,9006519,33.1
ACR,Oil Field Gas Recovery,2023.0,2059142,9006519,33.1
ACR,Oil Field Gas Recovery,2024.0,2396824,9006519,33.1
ACR,Oil Field Gas Recovery,2025.0,442217,9006519,33.1
ACR,Reforestation and ecosystem restoration,2011.0,170,0,0.0
ACR,Reforestation and ecosystem restoration,2012.0,683,0,0.0
ACR,Reforestation and ecosystem restoration,2014.0,5316,0,0.0
ACR,Reforestation and ecosystem restoration,2015.0,13713,0,0.0
ACR,Reforestation and ecosystem restoration,2016.0,12171,0,0.0
ACR,Reforestation and ecosystem restoration,2017.0,11233,0,0.0
ACR,Reforestation and ecosystem restoration,2018.0,16266,0,0.0
ACR,Rewilding,2010.0,13891,164401,75.8
ACR,Rewilding,2011.0,15370,164401,75.8
ACR,Rewilding,2012.0,20618,164401,75.8
ACR,Rewilding,2013.0,14795,164401,75.8
ACR,Rewilding,2014.0,17243,164401,75.8
ACR,Rewilding,2015.0,17587,164401,75.8
ACR,Rewilding,2016.0,17782,164401,75.8
ACR,Rewilding,2017.0,16809,164401,75.8
ACR,Rewilding,2018.0,16244,164401,75.8
ACR,Rewilding,2019.0,15858,164401,75.8
ACR,Rice cultivation,2012.0,7,597,100.0
ACR,Rice cultivation,2013.0,226,597,100.0
ACR,Rice cultivation,2014.0,170,597,100.0
ACR,Rice cultivation,2015.0,194,597,100.0
ACR,Waste to energy,2003.0,8072,1733142,68.9
ACR,Waste to energy,2004.0,5848,1733142,68.9
ACR,Waste to energy,2005.0,4409,1733142,68.9
ACR,Waste to energy,2006.0,3632,1733142,68.9
ACR,Waste to energy,2007.0,7998,1733142,68.9
ACR,Waste to energy,2008.0,13210,1733142,68.9
ACR,Waste to energy,2009.0,1033,1733142,68.9
ACR,Waste to energy,2010.0,170626,1733142,68.9
ACR,Waste to energy,2011.0,409787,1733142,68.9
ACR,Waste to energy,2012.0,502389,1733142,68.9
ACR,Waste to energy,2013.0,639196,1733142,68.9
ACR,Waste to energy,2014.0,278098,1733142,68.9
ACR,Waste to energy,2015.0,470530,1733142,68.9
ACR,Wastewater treatment,2008.0,100000,11295,10.1
ACR,Wastewater treatment,2019.0,11295,11295,10.1
CAR,Composting,2008.0,6554,868211,90.7
CAR,Composting,2009.0,27751,868211,90.7
CAR,Composting,2010.0,45940,868211,90.7
CAR,Composting,2011.0,52011,868211,90.7
CAR,Composting,2012.0,87807,868211,90.7
CAR,Composting,2013.0,122509,868211,90.7
CAR,Composting,2014.0,96601,868211,90.7
CAR,Composting,2015.0,88201,868211,90.7
CAR,Composting,2016.0,38243,868211,90.7
CAR,Composting,2017.0,44351,868211,90.7
CAR,Composting,2018.0,33724,868211,90.7
CAR,Composting,2019.0,9035,868211,90.7
CAR,Composting,2020.0,53502,868211,90.7
CAR,Composting,2021.0,48192,868211,90.7
CAR,Composting,2022.0,64392,868211,90.7
CAR,Composting,2023.0,80087,868211,90.7
CAR,Composting,2024.0,58745,868211,90.7
CAR,Forest management,2002.0,7293,9264358,7.7
CAR,Forest management,2003.0,17942,9264358,7.7
CAR,Forest management,2004.0,67124,9264358,7.7
CAR,Forest management,2005.0,263908,9264358,7.7
CAR,Forest management,2006.0,384846,9264358,7.7
CAR,Forest management,2007.0,3164845,9264358,7.7
CAR,Forest management,2008.0,1591844,9264358,7.7
CAR,Forest management,2009.0,1323586,9264358,7.7
CAR,Forest management,2010.0,2285602,9264358,7.7
CAR,Forest management,2011.0,2366605,9264358,7.7
CAR,Forest management,2012.0,1820062,9264358,7.7
CAR,Forest management,2013.0,4577382,9264358,7.7
CAR,Forest management,2014.0,4818515,9264358,7.7
CAR,Forest management,2015.0,7614668,9264358,7.7
CAR,Forest management,2016.0,9734167,9264358,7.7
CAR,Forest management,2017.0,9500291,9264358,7.7
CAR,Forest management,2018.0,15089127,9264358,7.7
CAR,Forest management,2019.0,13406792,9264358,7.7
CAR,Forest management,2020.0,6110287,9264358,7.7
CAR,Forest management,2021.0,8604235,9264358,7.7
CAR,Forest management,2022.0,9275485,9264358,7.7
CAR,Forest management,2023.0,8919991,9264358,7.7
CAR,Forest management,2024.0,7397705,9264358,7.7
CAR,Forest management,2025.0,2191011,9264358,7.7
CAR,Fossil gas leaks,2009.0,21902,0,0.0
CAR,Fossil gas leaks,2010.0,82977,0,0.0
CAR,Fossil gas leaks,2011.0,123555,0,0.0
CAR,Fossil gas leaks,2012.0,150216,0,0.0
CAR,Fossil gas leaks,2013.0,323685,0,0.0
CAR,Fossil gas leaks,2014.0,507105,0,0.0
CAR,Fossil gas leaks,2015.0,189455,0,0.0
CAR,Fossil gas leaks,2016.0,234621,0,0.0
CAR,Fossil gas leaks,2017.0,320214,0,0.0
CAR,Fossil gas leaks,2018.0,283656,0,0.0
CAR,Fossil gas leaks,2019.0,193290,0,0.0
CAR,Fossil gas leaks,2020.0,182382,0,0.0
CAR,Fossil gas leaks,2021.0,346846,0,0.0
CAR,Fossil gas leaks,2022.0,261720,0,0.0
CAR,Fossil gas leaks,2023.0,329027,0,0.0
CAR,Fossil gas leaks,2024.0,564108,0,0.0
CAR,Fossil gas leaks,2025.0,2404458,0,0.0
CAR,Industrial efficiency,2009.0,683087,12248799,29.6
CAR,Industrial efficiency,2010.0,3077340,12248799,29.6
CAR,Industrial efficiency,2011.0,3546904,12248799,29.6
CAR,Industrial efficiency,2012.0,2556723,12248799,29.6
CAR,Industrial efficiency,2013.0,1227591,12248799,29.6
CAR,Industrial efficiency,2014.0,1123204,12248799,29.6
CAR,Industrial efficiency,2015.0,883728,12248799,29.6
CAR,Industrial efficiency,2016.0,1076515,12248799,29.6
CAR,Industrial efficiency,2017.0,1741726,12248799,29.6
CAR,Industrial efficiency,2018.0,1674225,12248799,29.6
CAR,Industrial efficiency,2019.0,293757,12248799,29.6
CAR,Industrial efficiency,2020.0,570630,12248799,29.6
CAR,Industrial efficiency,2021.0,2403325,12248799,29.6
CAR,Industrial efficiency,2022.0,4650653,12248799,29.6
CAR,Industrial efficiency,2023.0,5275446,12248799,29.6
CAR,Industrial efficiency,2024.0,5911034,12248799,29.6
CAR,Industrial efficiency,2025.0,4663534,12248799,29.6
CAR,Landfill gas,2003.0,23089,36483070,76.9
CAR,Landfill gas,2004.0,39724,36483070,76.9
CAR,Landfill gas,2005.0,109181,36483070,76.9
CAR,Landfill gas,2006.0,154539,36483070,76.9
CAR,Landfill gas,2007.0,196273,36483070,76.9
CAR,Landfill gas,2008.0,985090,36483070,76.9
CAR,Landfill gas,2009.0,2219431,36483070,76.9
CAR,Landfill gas,2010.0,3917039,36483070,76.9
CAR,Landfill gas,2011.0,4503675,36483070,76.9
CAR,Landfill gas,2012.0,4099390,36483070,76.9
CAR,Landfill gas,2013.0,3443630,36483070,76.9
CAR,Landfill gas,2014.0,2862632,36483070,76.9
CAR,Landfill gas,2015.0,2603964,36483070,76.9
CAR,Landfill gas,2016.0,2216074,36483070,76.9
CAR,Landfill gas,2017.0,2265531,36483070,76.9
CAR,Landfill gas,2018.0,2337778,36483070,76.9
CAR,Landfill gas,2019.0,2225762,36483070,76.9
CAR,Landfill gas,2020.0,2429217,36483070,76.9
CAR,Landfill gas,2021.0,2628120,36483070,76.9
CAR,Landfill gas,2022.0,3020652,36483070,76.9
CAR,Landfill gas,2023.0,2846589,36483070,76.9
CAR,Landfill gas,2024.0,2239533,36483070,76.9
CAR,Landfill gas,2025.0,81615,36483070,76.9
CAR,Nitric acid,2008.0,106064,19224425,84.9
CAR,Nitric acid,2009.0,487045,19224425,84.9
CAR,Nitric acid,2010.0,1233760,19224425,84.9
CAR,Nitric acid,2011.0,1858067,19224425,84.9
CAR,Nitric acid,2012.0,2239193,19224425,84.9
CAR,Nitric acid,2013.0,1497340,19224425,84.9
CAR,Nitric acid,2014.0,1243351,19224425,84.9
CAR,Nitric acid,2015.0,1190142,19224425,84.9
CAR,Nitric acid,2016.0,1193156,19224425,84.9
CAR,Nitric acid,2017.0,1151792,19224425,84.9
CAR,Nitric acid,2018.0,1003570,19224425,84.9
CAR,Nitric acid,2019.0,1183399,19224425,84.9
CAR,Nitric acid,2020.0,1436765,19224425,84.9
CAR,Nitric acid,2021.0,1448129,19224425,84.9
CAR,Nitric acid,2022.0,1466181,19224425,84.9
CAR,Nitric acid,2023.0,1713422,19224425,84.9
CAR,Nitric acid,2024.0,1368394,19224425,84.9
CAR,Nitric acid,2025.0,826914,19224425,84.9
CAR,Rewilding,2002.0,5672,525945,21.0
CAR,Rewilding,2003.0,10732,525945,21.0
CAR,Rewilding,2004.0,43380,525945,21.0
CAR,Rewilding,2005.0,58815,525945,21.0
CAR,Rewilding,2006.0,58815,525945,21.0
CAR,Rewilding,2007.0,59124,525945,21.0
CAR,Rewilding,2008.0,100016,525945,21.0
CAR,Rewilding,2009.0,105184,525945,21.0
CAR,Rewilding,2010.0,219538,525945,21.0
CAR,Rewilding,2011.0,312178,525945,21.0
CAR,Rewilding,2012.0,289545,525945,21.0
CAR,Rewilding,2013.0,166436,525945,21.0
CAR,Rewilding,2014.0,52409,525945,21.0
CAR,Rewilding,2015.0,129468,525945,21.0
CAR,Rewilding,2016.0,107457,525945,21.0
CAR,Rewilding,2017.0,127881,525945,21.0
CAR,Rewilding,2018.0,131460,525945,21.0
CAR,Rewilding,2019.0,89439,525945,21.0
CAR,Rewilding,2020.0,89249,525945,21.0
CAR,Rewilding,2021.0,92404,525945,21.0
CAR,Rewilding,2022.0,125839,525945,21.0
CAR,Rewilding,2023.0,92258,525945,21.0
CAR,Rewilding,2024.0,35451,525945,21.0
CAR,Rewilding,2025.0,3079,525945,21.0
CAR,Soil & Livestock,2007.0,35807,2062158,16.9
CAR,Soil & Livestock,2008.0,35468,2062158,16.9
CAR,Soil & Livestock,2009.0,142645,2062158,16.9
CAR,Soil & Livestock,2010.0,298048,2062158,16.9
CAR,Soil & Livestock,2011.0,405283,2062158,16.9
CAR,Soil & Livestock,2012.0,493365,2062158,16.9
CAR,Soil & Livestock,2013.0,734768,2062158,16.9
CAR,Soil & Livestock,2014.0,824136,2062158,16.9
CAR,Soil & Livestock,2015.0,783320,2062158,16.9
CAR,Soil & Livestock,2016.0,1027844,2062158,16.9
CAR,Soil & Livestock,2017.0,1010942,2062158,16.9
CAR,Soil & Livestock,2018.0,919142,2062158,16.9
CAR,Soil & Livestock,2019.0,904793,2062158,16.9
CAR,Soil & Livestock,2020.0,785248,2062158,16.9
CAR,Soil & Livestock,2021.0,759842,2062158,16.9
CAR,Soil & Livestock,2022.0,919132,2062158,16.9
CAR,Soil & Livestock,2023.0,1075428,2062158,16.9
CAR,Soil & Livestock,2024.0,898768,2062158,16.9
CAR,Soil & Livestock,2025.0,118377,2062158,16.9
CAR,Waste to energy,2008.0,25599,225517,80.4
CAR,Waste to energy,2009.0,18858,225517,80.4
CAR,Waste to energy,2013.0,19515,225517,80.4
CAR,Waste to energy,2014.0,19980,225517,80.4
CAR,Waste to energy,2015.0,18798,225517,80.4
CAR,Waste to energy,2016.0,16249,225517,80.4
CAR,Waste to energy,2017.0,11806,225517,80.4
CAR,Waste to energy,2018.0,14823,225517,80.4
CAR,Waste to energy,2019.0,18159,225517,80.4
CAR,Waste to energy,2020.0,19959,225517,80.4
CAR,Waste to energy,2021.0,18652,225517,80.4
CAR,Waste to energy,2022.0,22257,225517,80.4
CAR,Waste to energy,2023.0,33085,225517,80.4
CAR,Waste to energy,2024.0,22770,225517,80.4
Verra,Afforestation/Reforestation,1999.0,118878,56221476,70.8
Verra,Other,2000.0,10167,2708138,93.4
Verra,Soil & Livestock,2000.0,2000,121686184,67.9
Verra,Afforestation/Reforestation,2001.0,1223324,56221476,70.8
Verra,Bioenergy,2001.0,115,10467120,48.5
Verra,Hydropower,2001.0,17681,23935800,71.7
Verra,Landfill gas,2001.0,1084101,17281979,59.1
Verra,Mixed renewables,2001.0,126608,385727823,65.1
Verra,Other,2001.0,87803,2708138,93.4
Verra,Soil & Livestock,2001.0,59034,121686184,67.9
Verra,Afforestation/Reforestation,2002.0,155144,56221476,70.8
Verra,Bioenergy,2002.0,26635,10467120,48.5
Verra,Forest management,2002.0,881529,218230117,71.5
Verra,Hydropower,2002.0,1330251,23935800,71.7
Verra,Mixed renewables,2002.0,151106,385727823,65.1
Verra,Other,2002.0,246121,2708138,93.4
Verra,Soil & Livestock,2002.0,1042930,121686184,67.9
Verra,Afforestation/Reforestation,2003.0,601059,56221476,70.8
Verra,Bioenergy,2003.0,91584,10467120,48.5
Verra,Efficient appliances,2003.0,13333,7542210,39.6
Verra,Forest management,2003.0,514614,218230117,71.5
Verra,Hydropower,2003.0,580981,23935800,71.7
Verra,Mixed renewables,2003.0,77477,385727823,65.1
Verra,Other,2003.0,581736,2708138,93.4
Verra,Soil & Livestock,2003.0,696896,121686184,67.9
Verra,Afforestation/Reforestation,2004.0,463340,56221476,70.8
Verra,Bioenergy,2004.0,22885,10467120,48.5
Verra,Efficient appliances,2004.0,29221,7542210,39.6
Verra,Forest management,2004.0,211840,218230117,71.5
Verra,Hydropower,2004.0,115559,23935800,71.7
Verra,Industrial efficiency,2004.0,112305,12301081,67.9
Verra,Mixed renewables,2004.0,449498,385727823,65.1
Verra,Other,2004.0,108003,2708138,93.4
Verra,Soil & Livestock,2004.0,396393,121686184,67.9
Verra,Waste to energy,2004.0,53775,22894980,77.1
Verra,Afforestation/Reforestation,2005.0,63917,56221476,70.8
Verra,Bioenergy,2005.0,47012,10467120,48.5
Verra,Efficient appliances,2005.0,85019,7542210,39.6
Verra,Forest management,2005.0,581322,218230117,71.5
Verra,Hydropower,2005.0,194494,23935800,71.7
Verra,Landfill gas,2005.0,3240,17281979,59.1
Verra,Mixed renewables,2005.0,579758,385727823,65.1
Verra,Other,2005.0,137549,2708138,93.4
Verra,Soil & Livestock,2005.0,692797,121686184,67.9
Verra,Solar,2005.0,8208,2179124,72.1
Verra,Waste to energy,2005.0,70936,22894980,77.1
Verra,Afforestation/Reforestation,2006.0,125658,56221476,70.8
Verra,Bioenergy,2006.0,322868,10467120,48.5
Verra,Efficient appliances,2006.0,28218,7542210,39.6
Verra,Energy storage,2006.0,35582,9540126,29.8
Verra,Forest management,2006.0,450748,218230117,71.5
Verra,Fossil gas leaks,2006.0,52460,3239718,27.3
Verra,Hydropower,2006.0,921540,23935800,71.7
Verra,Industrial efficiency,2006.0,297618,12301081,67.9
Verra,Landfill gas,2006.0,235360,17281979,59.1
Verra,Mixed renewables,2006.0,6542648,385727823,65.1
Verra,Other,2006.0,689505,2708138,93.4
Verra,Soil & Livestock,2006.0,883647,121686184,67.9
Verra,Solar,2006.0,186698,2179124,72.1
Verra,Waste to energy,2006.0,806947,22894980,77.1
Verra,Wastewater treatment,2006.0,29391,193207,87.3
Verra,Afforestation/Reforestation,2007.0,409276,56221476,70.8
Verra,Bioenergy,2007.0,813820,10467120,48.5
Verra,Efficient appliances,2007.0,146858,7542210,39.6
Verra,Forest management,2007.0,4155991,218230117,71.5
Verra,Fossil gas leaks,2007.0,88206,3239718,27.3
Verra,Hydropower,2007.0,2136654,23935800,71.7
Verra,Industrial efficiency,2007.0,1071190,12301081,67.9
Verra,Landfill gas,2007.0,590114,17281979,59.1
Verra,Mixed renewables,2007.0,14865833,385727823,65.1
Verra,Other,2007.0,1038059,2708138,93.4
Verra,Soil & Livestock,2007.0,830237,121686184,67.9
Verra,Solar,2007.0,45062,2179124,72.1
Verra,Waste to energy,2007.0,1217176,22894980,77.1
Verra,Wastewater treatment,2007.0,35514,193207,87.3
Verra,Afforestation/Reforestation,2008.0,345089,56221476,70.8
Verra,Bioenergy,2008.0,1012932,10467120,48.5
Verra,Efficient appliances,2008.0,160692,7542210,39.6
Verra,Forest management,2008.0,8747357,218230117,71.5
Verra,Fossil gas leaks,2008.0,55056,3239718,27.3
Verra,Hydropower,2008.0,2403786,23935800,71.7
Verra,Industrial efficiency,2008.0,4379734,12301081,67.9
Verra,Landfill gas,2008.0,434657,17281979,59.1
Verra,Mixed renewables,2008.0,19906758,385727823,65.1
Verra,Soil & Livestock,2008.0,385633,121686184,67.9
Verra,Solar,2008.0,90265,2179124,72.1
Verra,Waste management,2008.0,323595,5810600,89.9
Verra,Waste to energy,2008.0,1013039,22894980,77.1
Verra,Wastewater treatment,2008.0,39031,193207,87.3
Verra,Afforestation/Reforestation,2009.0,2641961,56221476,70.8
Verra,Bioenergy,2009.0,1353891,10467120,48.5
Verra,Efficient appliances,2009.0,323539,7542210,39.6
Verra,Forest management,2009.0,8609628,218230117,71.5
Verra,Fossil gas leaks,2009.0,47965,3239718,27.3
Verra,Hydropower,2009.0,2540713,23935800,71.7
Verra,Industrial efficiency,2009.0,731884,12301081,67.9
Verra,Landfill gas,2009.0,883458,17281979,59.1
Verra,Mixed renewables,2009.0,20066188,385727823,65.1
Verra,Reforestation and ecosystem restoration,2009.0,26925,4645227,74.0
Verra,Soil & Livestock,2009.0,1447160,121686184,67.9
Verra,Solar,2009.0,44642,2179124,72.1
Verra,Waste management,2009.0,339719,5810600,89.9
Verra,Waste to energy,2009.0,795836,22894980,77.1
Verra,Afforestation/Reforestation,2010.0,1316959,56221476,70.8
Verra,Bioenergy,2010.0,1100055,10467120,48.5
Verra,Efficient appliances,2010.0,778466,7542210,39.6
Verra,Forest management,2010.0,19826010,218230117,71.5
Verra,Fossil gas leaks,2010.0,181629,3239718,27.3
Verra,Hydropower,2010.0,2915051,23935800,71.7
Verra,Industrial efficiency,2010.0,696496,12301081,67.9
Verra,Landfill gas,2010.0,1128806,17281979,59.1
Verra,Mixed renewables,2010.0,23906845,385727823,65.1
Verra,Reforestation and ecosystem restoration,2010.0,29179,4645227,74.0
Verra,Soil & Livestock,2010.0,3883487,121686184,67.9
Verra,Solar,2010.0,99302,2179124,72.1
Verra,Waste management,2010.0,435876,5810600,89.9
Verra,Waste to energy,2010.0,1127551,22894980,77.1
Verra,Wastewater treatment,2010.0,7442,193207,87.3
Verra,Afforestation/Reforestation,2011.0,3553123,56221476,70.8
Verra,Bioenergy,2011.0,923063,10467120,48.5
Verra,Efficient appliances,2011.0,467757,7542210,39.6
Verra,Forest management,2011.0,3322185,218230117,71.5
Verra,Fossil gas leaks,2011.0,150076,3239718,27.3
Verra,Hydropower,2011.0,4151093,23935800,71.7
Verra,Industrial efficiency,2011.0,700635,12301081,67.9
Verra,Landfill gas,2011.0,1148178,17281979,59.1
Verra,Mixed renewables,2011.0,22135657,385727823,65.1
Verra,Reforestation and ecosystem restoration,2011.0,126249,4645227,74.0
Verra,Soil & Livestock,2011.0,8198454,121686184,67.9
Verra,Waste management,2011.0,435545,5810600,89.9
Verra,Waste to energy,2011.0,2234262,22894980,77.1
Verra,Wastewater treatment,2011.0,22357,193207,87.3
Verra,Afforestation/Reforestation,2012.0,5188254,56221476,70.8
Verra,Bioenergy,2012.0,763536,10467120,48.5
Verra,Efficient appliances,2012.0,819474,7542210,39.6
Verra,Forest management,2012.0,12648057,218230117,71.5
Verra,Fossil gas leaks,2012.0,120541,3239718,27.3
Verra,Hydropower,2012.0,2801480,23935800,71.7
Verra,Industrial efficiency,2012.0,802773,12301081,67.9
Verra,Landfill gas,2012.0,999584,17281979,59.1
Verra,Mixed renewables,2012.0,25005517,385727823,65.1
Verra,Reforestation and ecosystem restoration,2012.0,138900,4645227,74.0
Verra,Soil & Livestock,2012.0,10506211,121686184,67.9
Verra,Solar,2012.0,84825,2179124,72.1
Verra,Waste management,2012.0,437444,5810600,89.9
Verra,Waste to energy,2012.0,2551685,22894980,77.1
Verra,Wastewater treatment,2012.0,22091,193207,87.3
Verra,Afforestation/Reforestation,2013.0,4851072,56221476,70.8
Verra,Bioenergy,2013.0,917881,10467120,48.5
Verra,Efficient appliances,2013.0,640304,7542210,39.6
Verra,Forest management,2013.0,22576800,218230117,71.5
Verra,Fossil gas leaks,2013.0,3378004,3239718,27.3
Verra,Hydropower,2013.0,523550,23935800,71.7
Verra,Industrial efficiency,2013.0,395019,12301081,67.9
Verra,Landfill gas,2013.0,551878,17281979,59.1
Verra,Mixed renewables,2013.0,23743174,385727823,65.1
Verra,Reforestation and ecosystem restoration,2013.0,145136,4645227,74.0
Verra,Soil & Livestock,2013.0,12206745,121686184,67.9
Verra,Solar,2013.0,79750,2179124,72.1
Verra,Waste management,2013.0,388641,5810600,89.9
Verra,Waste to energy,2013.0,2633871,22894980,77.1
Verra,Wastewater treatment,2013.0,18784,193207,87.3
Verra,Wind,2013.0,1601,255643,83.7
Verra,Afforestation/Reforestation,2014.0,6915702,56221476,70.8
Verra,Bioenergy,2014.0,1089860,10467120,48.5
Verra,Efficient appliances,2014.0,676696,7542210,39.6
Verra,Forest management,2014.0,26757942,218230117,71.5
Verra,Fossil gas leaks,2014.0,158380,3239718,27.3
Verra,Hydropower,2014.0,648129,23935800,71.7
Verra,Industrial efficiency,2014.0,440335,12301081,67.9
Verra,Landfill gas,2014.0,674490,17281979,59.1
Verra,Mixed renewables,2014.0,28137339,385727823,65.1
Verra,Reforestation and ecosystem restoration,2014.0,147461,4645227,74.0
Verra,Soil & Livestock,2014.0,11078715,121686184,67.9
Verra,Solar,2014.0,56903,2179124,72.1
Verra,Waste management,2014.0,421653,5810600,89.9
Verra,Waste to energy,2014.0,3505346,22894980,77.1
Verra,Wastewater treatment,2014.0,21448,193207,87.3
Verra,Wind,2014.0,19299,255643,83.7
Verra,Afforestation/Reforestation,2015.0,4706419,56221476,70.8
Verra,Bioenergy,2015.0,1175132,10467120,48.5
Verra,Efficient appliances,2015.0,1141704,7542210,39.6
Verra,Forest management,2015.0,25831926,218230117,71.5
Verra,Hydropower,2015.0,769023,23935800,71.7
Verra,Industrial efficiency,2015.0,392732,12301081,67.9
Verra,Landfill gas,2015.0,637699,17281979,59.1
Verra,Mixed renewables,2015.0,29458654,385727823,65.1
Verra,Reforestation and ecosystem restoration,2015.0,144319,4645227,74.0
Verra,Soil & Livestock,2015.0,17165069,121686184,67.9
Verra,Solar,2015.0,186857,2179124,72.1
Verra,Waste management,2015.0,417420,5810600,89.9
Verra,Waste to energy,2015.0,3356326,22894980,77.1
Verra,Wastewater treatment,2015.0,20002,193207,87.3
Verra,Wind,2015.0,37852,255643,83.7
Verra,Afforestation/Reforestation,2016.0,4502643,56221476,70.8
Verra,Bioenergy,2016.0,1242224,10467120,48.5
Verra,Efficient appliances,2016.0,537962,7542210,39.6
Verra,Forest management,2016.0,32946498,218230117,71.5
Verra,Hydropower,2016.0,1112944,23935800,71.7
Verra,Industrial efficiency,2016.0,534626,12301081,67.9
Verra,Landfill gas,2016.0,791132,17281979,59.1
Verra,Mixed renewables,2016.0,32586801,385727823,65.1
Verra,Reforestation and ecosystem restoration,2016.0,169161,4645227,74.0
Verra,Soil & Livestock,2016.0,17177920,121686184,67.9
Verra,Solar,2016.0,311085,2179124,72.1
Verra,Waste management,2016.0,484969,5810600,89.9
Verra,Waste to energy,2016.0,3198345,22894980,77.1
Verra,Wastewater treatment,2016.0,5291,193207,87.3
Verra,Wind,2016.0,61411,255643,83.7
Verra,Afforestation/Reforestation,2017.0,7710877,56221476,70.8
Verra,Bioenergy,2017.0,859166,10467120,48.5
Verra,Efficient appliances,2017.0,483304,7542210,39.6
Verra,Energy storage,2017.0,1483554,9540126,29.8
Verra,Forest management,2017.0,29770872,218230117,71.5
Verra,Fossil gas leaks,2017.0,2982814,3239718,27.3
Verra,Hydropower,2017.0,844703,23935800,71.7
Verra,Industrial efficiency,2017.0,251744,12301081,67.9
Verra,Landfill gas,2017.0,2181412,17281979,59.1
Verra,Mixed renewables,2017.0,41354011,385727823,65.1
Verra,Reforestation and ecosystem restoration,2017.0,295190,4645227,74.0
Verra,Soil & Livestock,2017.0,21507191,121686184,67.9
Verra,Solar,2017.0,339631,2179124,72.1
Verra,Waste management,2017.0,282641,5810600,89.9
Verra,Waste to energy,2017.0,3210004,22894980,77.1
Verra,Wind,2017.0,81648,255643,83.7
Verra,Afforestation/Reforestation,2018.0,8938468,56221476,70.8
Verra,Bioenergy,2018.0,527981,10467120,48.5
Verra,Efficient appliances,2018.0,339490,7542210,39.6
Verra,Energy storage,2018.0,2998783,9540126,29.8
Verra,Forest management,2018.0,26352662,218230117,71.5
Verra,Hydropower,2018.0,1509532,23935800,71.7
Verra,Industrial efficiency,2018.0,318958,12301081,67.9
Verra,Landfill gas,2018.0,611995,17281979,59.1
Verra,Mixed renewables,2018.0,50457070,385727823,65.1
Verra,Reforestation and ecosystem restoration,2018.0,443085,4645227,74.0
Verra,Rice cultivation,2018.0,1260000,3353512,73.5
Verra,Soil & Livestock,2018.0,20335349,121686184,67.9
Verra,Solar,2018.0,313929,2179124,72.1
Verra,Waste management,2018.0,514993,5810600,89.9
Verra,Waste to energy,2018.0,2125550,22894980,77.1
Verra,Wind,2018.0,103596,255643,83.7
Verra,Afforestation/Reforestation,2019.0,9496908,56221476,70.8
Verra,Bioenergy,2019.0,499687,10467120,48.5
Verra,Efficient appliances,2019.0,587870,7542210,39.6
Verra,Energy storage,2019.0,4502169,9540126,29.8
Verra,Forest management,2019.0,31611315,218230117,71.5
Verra,Fossil gas leaks,2019.0,30184,3239718,27.3
Verra,Hydropower,2019.0,1597103,23935800,71.7
Verra,Industrial efficiency,2019.0,475713,12301081,67.9
Verra,Landfill gas,2019.0,1613962,17281979,59.1
Verra,Mixed renewables,2019.0,56673297,385727823,65.1
Verra,Reforestation and ecosystem restoration,2019.0,383610,4645227,74.0
Verra,Rice cultivation,2019.0,1200000,3353512,73.5
Verra,Soil & Livestock,2019.0,15646126,121686184,67.9
Verra,Solar,2019.0,47882,2179124,72.1
Verra,Waste management,2019.0,609799,5810600,89.9
Verra,Waste to energy,2019.0,238467,22894980,77.1
Verra,Afforestation/Reforestation,2020.0,9118707,56221476,70.8
Verra,Bioenergy,2020.0,656379,10467120,48.5
Verra,Efficient appliances,2020.0,1028900,7542210,39.6
Verra,Energy storage,2020.0,2197523,9540126,29.8
Verra,Forest management,2020.0,25872980,218230117,71.5
Verra,Fossil gas leaks,2020.0,190557,3239718,27.3
Verra,Hydropower,2020.0,1938651,23935800,71.7
Verra,Industrial efficiency,2020.0,1740631,12301081,67.9
Verra,Landfill gas,2020.0,3220746,17281979,59.1
Verra,Mixed renewables,2020.0,50713993,385727823,65.1
Verra,Public transit,2020.0,116,2280,32.0
Verra,Reforestation and ecosystem restoration,2020.0,964225,4645227,74.0
Verra,Rice cultivation,2020.0,1320000,3353512,73.5
Verra,Soil & Livestock,2020.0,12743592,121686184,67.9
Verra,Solar,2020.0,141604,2179124,72.1
Verra,Waste management,2020.0,689756,5810600,89.9
Verra,Waste to energy,2020.0,694147,22894980,77.1
Verra,Afforestation/Reforestation,2021.0,4896878,56221476,70.8
Verra,Biochar,2021.0,14070,13745,93.7
Verra,Bioenergy,2021.0,1182745,10467120,48.5
Verra,Efficient appliances,2021.0,3177016,7542210,39.6
Verra,Energy storage,2021.0,8009231,9540126,29.8
Verra,Forest management,2021.0,10738958,218230117,71.5
Verra,Fossil gas leaks,2021.0,295659,3239718,27.3
Verra,Hydropower,2021.0,2574475,23935800,71.7
Verra,Industrial efficiency,2021.0,2766054,12301081,67.9
Verra,Landfill gas,2021.0,4866369,17281979,59.1
Verra,Mixed renewables,2021.0,47018867,385727823,65.1
Verra,Public transit,2021.0,4072,2280,32.0
Verra,Reforestation and ecosystem restoration,2021.0,1797212,4645227,74.0
Verra,Rice cultivation,2021.0,780000,3353512,73.5
Verra,Soil & Livestock,2021.0,11348886,121686184,67.9
Verra,Solar,2021.0,344585,2179124,72.1
Verra,Waste management,2021.0,596467,5810600,89.9
Verra,Waste to energy,2021.0,266143,22894980,77.1
Verra,Afforestation/Reforestation,2022.0,1430192,56221476,70.8
Verra,Biochar,2022.0,606,13745,93.7
Verra,Bioenergy,2022.0,1088034,10467120,48.5
Verra,Efficient appliances,2022.0,4586356,7542210,39.6
Verra,Energy storage,2022.0,8295224,9540126,29.8
Verra,Forest management,2022.0,8314215,218230117,71.5
Verra,Fossil gas leaks,2022.0,1013660,3239718,27.3
Verra,Hydropower,2022.0,1276361,23935800,71.7
Verra,Industrial efficiency,2022.0,1534483,12301081,67.9
Verra,Landfill gas,2022.0,4782881,17281979,59.1
Verra,Mixed renewables,2022.0,46272392,385727823,65.1
Verra,Public transit,2022.0,2933,2280,32.0
Verra,Reforestation and ecosystem restoration,2022.0,1260523,4645227,74.0
Verra,Soil & Livestock,2022.0,7023260,121686184,67.9
Verra,Solar,2022.0,363738,2179124,72.1
Verra,Waste management,2022.0,87267,5810600,89.9
Verra,Waste to energy,2022.0,368537,22894980,77.1
Verra,Afforestation/Reforestation,2023.0,443891,56221476,70.8
Verra,Bioenergy,2023.0,2479692,10467120,48.5
Verra,Efficient appliances,2023.0,2343293,7542210,39.6
Verra,Energy storage,2023.0,940769,9540126,29.8
Verra,Forest management,2023.0,3739004,218230117,71.5
Verra,Fossil gas leaks,2023.0,1535633,3239718,27.3
Verra,Hydropower,2023.0,486420,23935800,71.7
Verra,Industrial efficiency,2023.0,415293,12301081,67.9
Verra,Landfill gas,2023.0,2121116,17281979,59.1
Verra,Mixed renewables,2023.0,32377418,385727823,65.1
Verra,Reforestation and ecosystem restoration,2023.0,206902,4645227,74.0
Verra,Soil & Livestock,2023.0,3281820,121686184,67.9
Verra,Solar,2023.0,170356,2179124,72.1
Verra,Waste to energy,2023.0,164462,22894980,77.1
Verra,Afforestation/Reforestation,2024.0,151029,56221476,70.8
Verra,Bioenergy,2024.0,2948136,10467120,48.5
Verra,Efficient appliances,2024.0,655180,7542210,39.6
Verra,Energy storage,2024.0,3574034,9540126,29.8
Verra,Forest management,2024.0,648170,218230117,71.5
Verra,Fossil gas leaks,2024.0,1449322,3239718,27.3
Verra,Hydropower,2024.0,8127,23935800,71.7
Verra,Industrial efficiency,2024.0,51033,12301081,67.9
Verra,Landfill gas,2024.0,676113,17281979,59.1
Verra,Mixed renewables,2024.0,17011058,385727823,65.1
Verra,Soil & Livestock,2024.0,574308,121686184,67.9
Verra,Solar,2024.0,99490,2179124,72.1
Verra,Waste to energy,2024.0,51238,22894980,77.1
Verra,Bioenergy,2025.0,445087,10467120,48.5
Verra,Fossil gas leaks,2025.0,118365,3239718,27.3
Verra,Landfill gas,2025.0,1502,17281979,59.1
Verra,Mixed renewables,2025.0,3210144,385727823,65.1
Verra,Solar,2025.0,6390,2179124,72.1
Gold Standard,Afforestation/Reforestation,1996.0,764,5801401,44.8
Gold Standard,Afforestation/Reforestation,1997.0,1605,5801401,44.8
Gold Standard,Afforestation/Reforestation,1998.0,1898,5801401,44.8
Gold Standard,Afforestation/Reforestation,1999.0,2988,5801401,44.8
Gold Standard,Afforestation/Reforestation,2000.0,3864,5801401,44.8
Gold Standard,Afforestation/Reforestation,2001.0,4468,5801401,44.8
Gold Standard,Mixed renewables,2001.0,8560,56745917,41.9
Gold Standard,Afforestation/Reforestation,2002.0,5107,5801401,44.8
Gold Standard,Mixed renewables,2002.0,16362,56745917,41.9
Gold Standard,Afforestation/Reforestation,2003.0,6523,5801401,44.8
Gold Standard,Mixed renewables,2003.0,17606,56745917,41.9
Gold Standard,Afforestation/Reforestation,2004.0,7235,5801401,44.8
Gold Standard,Wind,2004.0,56399,26339965,50.5
Gold Standard,Afforestation/Reforestation,2005.0,11210,5801401,44.8
Gold Standard,Wind,2005.0,183663,26339965,50.5
Gold Standard,Afforestation/Reforestation,2006.0,21222,5801401,44.8
Gold Standard,Bioenergy,2006.0,229473,13901610,33.1
Gold Standard,Mixed renewables,2006.0,30517,56745917,41.9
Gold Standard,Wind,2006.0,174375,26339965,50.5
Gold Standard,Afforestation/Reforestation,2007.0,20149,5801401,44.8
Gold Standard,Bioenergy,2007.0,253341,13901610,33.1
Gold Standard,Cleaner cooking,2007.0,5821,46091911,73.0
Gold Standard,Efficient appliances,2007.0,14976,42957667,48.5
Gold Standard,Hydropower,2007.0,87,220830,50.4
Gold Standard,Industrial efficiency,2007.0,32009,10474202,66.9
Gold Standard,Landfill gas,2007.0,206996,15450567,61.7
Gold Standard,Mixed renewables,2007.0,287339,56745917,41.9
Gold Standard,Wind,2007.0,191374,26339965,50.5
Gold Standard,Afforestation/Reforestation,2008.0,47283,5801401,44.8
Gold Standard,Bioenergy,2008.0,11852,13901610,33.1
Gold Standard,Cleaner cooking,2008.0,33122,46091911,73.0
Gold Standard,Efficient appliances,2008.0,44045,42957667,48.5
Gold Standard,Hydropower,2008.0,233,220830,50.4
Gold Standard,Industrial efficiency,2008.0,54093,10474202,66.9
Gold Standard,Landfill gas,2008.0,489334,15450567,61.7
Gold Standard,Mixed renewables,2008.0,1468587,56745917,41.9
Gold Standard,Waste to energy,2008.0,78680,3212790,64.6
Gold Standard,Wind,2008.0,68435,26339965,50.5
Gold Standard,Afforestation/Reforestation,2009.0,117048,5801401,44.8
Gold Standard,Bioenergy,2009.0,25889,13901610,33.1
Gold Standard,Cleaner cooking,2009.0,110739,46091911,73.0
Gold Standard,Efficient appliances,2009.0,116566,42957667,48.5
Gold Standard,Hydropower,2009.0,314,220830,50.4
Gold Standard,Industrial efficiency,2009.0,189614,10474202,66.9
Gold Standard,Landfill gas,2009.0,573147,15450567,61.7
Gold Standard,Mixed renewables,2009.0,1840754,56745917,41.9
Gold Standard,Waste to energy,2009.0,277992,3212790,64.6
Gold Standard,Wastewater treatment,2009.0,15272,114712,26.2
Gold Standard,Wind,2009.0,220211,26339965,50.5
Gold Standard,Afforestation/Reforestation,2010.0,199404,5801401,44.8
Gold Standard,Bioenergy,2010.0,42250,13901610,33.1
Gold Standard,Cleaner cooking,2010.0,474924,46091911,73.0
Gold Standard,Efficient appliances,2010.0,237641,42957667,48.5
Gold Standard,Hydropower,2010.0,8793,220830,50.4
Gold Standard,Industrial efficiency,2010.0,383242,10474202,66.9
Gold Standard,Landfill gas,2010.0,854339,15450567,61.7
Gold Standard,Mixed renewables,2010.0,2153536,56745917,41.9
Gold Standard,Solar,2010.0,1980,7430714,48.3
Gold Standard,Waste to energy,2010.0,352046,3212790,64.6
Gold Standard,Wastewater treatment,2010.0,30247,114712,26.2
Gold Standard,Wind,2010.0,784473,26339965,50.5
Gold Standard,Afforestation/Reforestation,2011.0,342281,5801401,44.8
Gold Standard,Bioenergy,2011.0,92444,13901610,33.1
Gold Standard,Cleaner cooking,2011.0,2793839,46091911,73.0
Gold Standard,Efficient appliances,2011.0,423761,42957667,48.5
Gold Standard,Hydropower,2011.0,26375,220830,50.4
Gold Standard,Industrial efficiency,2011.0,554738,10474202,66.9
Gold Standard,Landfill gas,2011.0,1139104,15450567,61.7
Gold Standard,Mixed renewables,2011.0,2794785,56745917,41.9
Gold Standard,Other,2011.0,304472,2906789,62.5
Gold Standard,Solar,2011.0,10365,7430714,48.3
Gold Standard,Waste to energy,2011.0,314681,3212790,64.6
Gold Standard,Wastewater treatment,2011.0,27698,114712,26.2
Gold Standard,Wind,2011.0,1458134,26339965,50.5
Gold Standard,Afforestation/Reforestation,2012.0,516202,5801401,44.8
Gold Standard,Bioenergy,2012.0,406967,13901610,33.1
Gold Standard,Cleaner cooking,2012.0,3737492,46091911,73.0
Gold Standard,Efficient appliances,2012.0,652527,42957667,48.5
Gold Standard,Hydropower,2012.0,40690,220830,50.4
Gold Standard,Industrial efficiency,2012.0,558947,10474202,66.9
Gold Standard,Landfill gas,2012.0,2383458,15450567,61.7
Gold Standard,Mixed renewables,2012.0,3070898,56745917,41.9
Gold Standard,Other,2012.0,341692,2906789,62.5
Gold Standard,Soil & Livestock,2012.0,3588,4862408,64.6
Gold Standard,Solar,2012.0,25250,7430714,48.3
Gold Standard,Waste to energy,2012.0,417064,3212790,64.6
Gold Standard,Wind,2012.0,1733124,26339965,50.5
Gold Standard,Afforestation/Reforestation,2013.0,566799,5801401,44.8
Gold Standard,Bioenergy,2013.0,566963,13901610,33.1
Gold Standard,Cleaner cooking,2013.0,3930132,46091911,73.0
Gold Standard,Efficient appliances,2013.0,916623,42957667,48.5
Gold Standard,Hydropower,2013.0,28431,220830,50.4
Gold Standard,Industrial efficiency,2013.0,771892,10474202,66.9
Gold Standard,Landfill gas,2013.0,3931039,15450567,61.7
Gold Standard,Mixed renewables,2013.0,4206888,56745917,41.9
Gold Standard,Other,2013.0,452153,2906789,62.5
Gold Standard,Soil & Livestock,2013.0,11089,4862408,64.6
Gold Standard,Solar,2013.0,51304,7430714,48.3
Gold Standard,Waste to energy,2013.0,383235,3212790,64.6
Gold Standard,Wind,2013.0,1404452,26339965,50.5
Gold Standard,Afforestation/Reforestation,2014.0,701023,5801401,44.8
Gold Standard,Bioenergy,2014.0,1150563,13901610,33.1
Gold Standard,Cleaner cooking,2014.0,3846036,46091911,73.0
Gold Standard,Efficient appliances,2014.0,1199467,42957667,48.5
Gold Standard,Heat recovery,2014.0,59334,25,0.0
Gold Standard,Hydropower,2014.0,7232,220830,50.4
Gold Standard,Industrial efficiency,2014.0,877625,10474202,66.9
Gold Standard,Landfill gas,2014.0,3457581,15450567,61.7
Gold Standard,Mixed renewables,2014.0,5550464,56745917,41.9
Gold Standard,Other,2014.0,958,2906789,62.5
Gold Standard,Soil & Livestock,2014.0,13772,4862408,64.6
Gold Standard,Solar,2014.0,65236,7430714,48.3
Gold Standard,Waste to energy,2014.0,317570,3212790,64.6
Gold Standard,Wastewater treatment,2014.0,1892,114712,26.2
Gold Standard,Water purification,2014.0,25516,1035398,22.6
Gold Standard,Wind,2014.0,1367524,26339965,50.5
Gold Standard,Afforestation/Reforestation,2015.0,714725,5801401,44.8
Gold Standard,Bioenergy,2015.0,1512876,13901610,33.1
Gold Standard,Cleaner cooking,2015.0,3966616,46091911,73.0
Gold Standard,Efficient appliances,2015.0,1411495,42957667,48.5
Gold Standard,Hydropower,2015.0,17430,220830,50.4
Gold Standard,Industrial efficiency,2015.0,1069854,10474202,66.9
Gold Standard,Landfill gas,2015.0,2278055,15450567,61.7
Gold Standard,Mixed renewables,2015.0,6364444,56745917,41.9
Gold Standard,Other,2015.0,1783,2906789,62.5
Gold Standard,Soil & Livestock,2015.0,20768,4862408,64.6
Gold Standard,Solar,2015.0,60885,7430714,48.3
Gold Standard,Waste to energy,2015.0,333242,3212790,64.6
Gold Standard,Water purification,2015.0,15981,1035398,22.6
Gold Standard,Wind,2015.0,2179952,26339965,50.5
Gold Standard,Afforestation/Reforestation,2016.0,794471,5801401,44.8
Gold Standard,Bioenergy,2016.0,1598542,13901610,33.1
Gold Standard,Cleaner cooking,2016.0,3772343,46091911,73.0
Gold Standard,Efficient appliances,2016.0,1709204,42957667,48.5
Gold Standard,Electric vehicles,2016.0,45967,0,0.0
Gold Standard,Hydropower,2016.0,21121,220830,50.4
Gold Standard,Industrial efficiency,2016.0,986512,10474202,66.9
Gold Standard,Landfill gas,2016.0,2487208,15450567,61.7
Gold Standard,Mixed renewables,2016.0,7177022,56745917,41.9
Gold Standard,Other,2016.0,738,2906789,62.5
Gold Standard,Solar,2016.0,75139,7430714,48.3
Gold Standard,Waste to energy,2016.0,274955,3212790,64.6
Gold Standard,Wastewater treatment,2016.0,83770,114712,26.2
Gold Standard,Water purification,2016.0,30751,1035398,22.6
Gold Standard,Wind,2016.0,2808092,26339965,50.5
Gold Standard,Afforestation/Reforestation,2017.0,819842,5801401,44.8
Gold Standard,Bioenergy,2017.0,1947864,13901610,33.1
Gold Standard,Cleaner cooking,2017.0,3774520,46091911,73.0
Gold Standard,Efficient appliances,2017.0,2508036,42957667,48.5
Gold Standard,Electric vehicles,2017.0,46838,0,0.0
Gold Standard,Hydropower,2017.0,18559,220830,50.4
Gold Standard,Industrial efficiency,2017.0,1319504,10474202,66.9
Gold Standard,Landfill gas,2017.0,438907,15450567,61.7
Gold Standard,Mixed renewables,2017.0,8031423,56745917,41.9
Gold Standard,Other,2017.0,73726,2906789,62.5
Gold Standard,Soil & Livestock,2017.0,64379,4862408,64.6
Gold Standard,Solar,2017.0,49046,7430714,48.3
Gold Standard,Waste to energy,2017.0,569730,3212790,64.6
Gold Standard,Wastewater treatment,2017.0,48306,114712,26.2
Gold Standard,Water purification,2017.0,118372,1035398,22.6
Gold Standard,Wind,2017.0,2459299,26339965,50.5
Gold Standard,Afforestation/Reforestation,2018.0,991410,5801401,44.8
Gold Standard,Bioenergy,2018.0,2072909,13901610,33.1
Gold Standard,Cleaner cooking,2018.0,3816469,46091911,73.0
Gold Standard,Efficient appliances,2018.0,3078867,42957667,48.5
Gold Standard,Hydropower,2018.0,35143,220830,50.4
Gold Standard,Industrial efficiency,2018.0,1226166,10474202,66.9
Gold Standard,Landfill gas,2018.0,372156,15450567,61.7
Gold Standard,Mixed renewables,2018.0,10342427,56745917,41.9
Gold Standard,Other,2018.0,73399,2906789,62.5
Gold Standard,Soil & Livestock,2018.0,77448,4862408,64.6
Gold Standard,Solar,2018.0,128895,7430714,48.3
Gold Standard,Waste to energy,2018.0,591253,3212790,64.6
Gold Standard,Wastewater treatment,2018.0,62980,114712,26.2
Gold Standard,Water purification,2018.0,145147,1035398,22.6
Gold Standard,Wind,2018.0,2847403,26339965,50.5
Gold Standard,Afforestation/Reforestation,2019.0,1219378,5801401,44.8
Gold Standard,Bioenergy,2019.0,2534271,13901610,33.1
Gold Standard,Cleaner cooking,2019.0,4473076,46091911,73.0
Gold Standard,Efficient appliances,2019.0,3513974,42957667,48.5
Gold Standard,Hydropower,2019.0,60378,220830,50.4
Gold Standard,Industrial efficiency,2019.0,1202756,10474202,66.9
Gold Standard,Landfill gas,2019.0,733690,15450567,61.7
Gold Standard,Mixed renewables,2019.0,14043965,56745917,41.9
Gold Standard,Other,2019.0,130028,2906789,62.5
Gold Standard,Soil & Livestock,2019.0,24143,4862408,64.6
Gold Standard,Solar,2019.0,1168847,7430714,48.3
Gold Standard,Waste management,2019.0,281,8219,7.5
Gold Standard,Waste to energy,2019.0,458085,3212790,64.6
Gold Standard,Wastewater treatment,2019.0,78200,114712,26.2
Gold Standard,Water purification,2019.0,154312,1035398,22.6
Gold Standard,Wind,2019.0,3447238,26339965,50.5
Gold Standard,Afforestation/Reforestation,2020.0,1257759,5801401,44.8
Gold Standard,Bioenergy,2020.0,2631894,13901610,33.1
Gold Standard,Cleaner cooking,2020.0,4578700,46091911,73.0
Gold Standard,Efficient appliances,2020.0,4894717,42957667,48.5
Gold Standard,Geothermal,2020.0,170459,1697877,48.8
Gold Standard,Hydropower,2020.0,72951,220830,50.4
Gold Standard,Industrial efficiency,2020.0,1473517,10474202,66.9
Gold Standard,Landfill gas,2020.0,1510928,15450567,61.7
Gold Standard,Mixed renewables,2020.0,16846906,56745917,41.9
Gold Standard,Other,2020.0,120563,2906789,62.5
Gold Standard,Soil & Livestock,2020.0,419169,4862408,64.6
Gold Standard,Solar,2020.0,2478321,7430714,48.3
Gold Standard,Waste management,2020.0,447,8219,7.5
Gold Standard,Waste to energy,2020.0,181823,3212790,64.6
Gold Standard,Wastewater treatment,2020.0,56069,114712,26.2
Gold Standard,Water purification,2020.0,422803,1035398,22.6
Gold Standard,Wind,2020.0,4479134,26339965,50.5
Gold Standard,Afforestation/Reforestation,2021.0,1121517,5801401,44.8
Gold Standard,Bioenergy,2021.0,4695347,13901610,33.1
Gold Standard,Cleaner cooking,2021.0,5638843,46091911,73.0
Gold Standard,Efficient appliances,2021.0,14853599,42957667,48.5
Gold Standard,Geothermal,2021.0,918338,1697877,48.8
Gold Standard,Hydropower,2021.0,56026,220830,50.4
Gold Standard,Industrial efficiency,2021.0,1439458,10474202,66.9
Gold Standard,Landfill gas,2021.0,1507201,15450567,61.7
Gold Standard,Mixed renewables,2021.0,15666564,56745917,41.9
Gold Standard,Other,2021.0,716123,2906789,62.5
Gold Standard,Soil & Livestock,2021.0,3364712,4862408,64.6
Gold Standard,Solar,2021.0,4682362,7430714,48.3
Gold Standard,Waste management,2021.0,208,8219,7.5
Gold Standard,Waste to energy,2021.0,142305,3212790,64.6
Gold Standard,Wastewater treatment,2021.0,33352,114712,26.2
Gold Standard,Water purification,2021.0,585277,1035398,22.6
Gold Standard,Wind,2021.0,6953111,26339965,50.5
Gold Standard,Afforestation/Reforestation,2022.0,788385,5801401,44.8
Gold Standard,Bioenergy,2022.0,6337933,13901610,33.1
Gold Standard,Cleaner cooking,2022.0,7561028,46091911,73.0
Gold Standard,Efficient appliances,2022.0,19416130,42957667,48.5
Gold Standard,Geothermal,2022.0,926726,1697877,48.8
Gold Standard,Hydropower,2022.0,446,220830,50.4
Gold Standard,Industrial efficiency,2022.0,1214895,10474202,66.9
Gold Standard,Landfill gas,2022.0,1437183,15450567,61.7
Gold Standard,Mixed renewables,2022.0,18269099,56745917,41.9
Gold Standard,Other,2022.0,901281,2906789,62.5
Gold Standard,Soil & Livestock,2022.0,2901932,4862408,64.6
Gold Standard,Solar,2022.0,4008514,7430714,48.3
Gold Standard,Waste management,2022.0,44557,8219,7.5
Gold Standard,Waste to energy,2022.0,177969,3212790,64.6
Gold Standard,Water purification,2022.0,974812,1035398,22.6
Gold Standard,Wind,2022.0,8384378,26339965,50.5
Gold Standard,Afforestation/Reforestation,2023.0,498707,5801401,44.8
Gold Standard,Bioenergy,2023.0,7688658,13901610,33.1
Gold Standard,Cleaner cooking,2023.0,6633700,46091911,73.0
Gold Standard,Efficient appliances,2023.0,19265928,42957667,48.5
Gold Standard,Geothermal,2023.0,915434,1697877,48.8
Gold Standard,Hydropower,2023.0,16387,220830,50.4
Gold Standard,Industrial efficiency,2023.0,1153585,10474202,66.9
Gold Standard,Landfill gas,2023.0,987413,15450567,61.7
Gold Standard,Mixed renewables,2023.0,12401899,56745917,41.9
Gold Standard,Other,2023.0,838668,2906789,62.5
Gold Standard,Soil & Livestock,2023.0,631494,4862408,64.6
Gold Standard,Solar,2023.0,1998216,7430714,48.3
Gold Standard,Waste management,2023.0,57168,8219,7.5
Gold Standard,Waste to energy,2023.0,79104,3212790,64.6
Gold Standard,Water purification,2023.0,1556718,1035398,22.6
Gold Standard,Wind,2023.0,6956934,26339965,50.5
Gold Standard,Afforestation/Reforestation,2024.0,321910,5801401,44.8
Gold Standard,Bioenergy,2024.0,7042595,13901610,33.1
Gold Standard,Cleaner cooking,2024.0,3571024,46091911,73.0
Gold Standard,Efficient appliances,2024.0,13416961,42957667,48.5
Gold Standard,Geothermal,2024.0,551154,1697877,48.8
Gold Standard,Hydropower,2024.0,21918,220830,50.4
Gold Standard,Industrial efficiency,2024.0,1020422,10474202,66.9
Gold Standard,Landfill gas,2024.0,259734,15450567,61.7
Gold Standard,Mixed renewables,2024.0,4001973,56745917,41.9
Gold Standard,Other,2024.0,604839,2906789,62.5
Gold Standard,Solar,2024.0,552311,7430714,48.3
Gold Standard,Waste management,2024.0,7435,8219,7.5
Gold Standard,Waste to energy,2024.0,21251,3212790,64.6
Gold Standard,Water purification,2024.0,549856,1035398,22.6
Gold Standard,Wind,2024.0,3158666,26339965,50.5
Gold Standard,Afforestation/Reforestation,2025.0,183904,5801401,44.8
Gold Standard,Bioenergy,2025.0,1156746,13901610,33.1
Gold Standard,Cleaner cooking,2025.0,381070,46091911,73.0
Gold Standard,Efficient appliances,2025.0,862812,42957667,48.5
Gold Standard,Hydropower,2025.0,5872,220830,50.4
Gold Standard,Industrial efficiency,2025.0,77392,10474202,66.9
Gold Standard,Mixed renewables,2025.0,697568,56745917,41.9
Gold Standard,Other,2025.0,90185,2906789,62.5
Gold Standard,Solar,2025.0,16555,7430714,48.3
Gold Standard,Water purification,2025.0,6257,1035398,22.6
Gold Standard,Wind,2025.0,801422,26339965,50.5
Gold Standard,Afforestation/Reforestation,2026.0,235949,5801401,44.8
Gold Standard,Industrial efficiency,2026.0,2418,10474202,66.9
Gold Standard,Afforestation/Reforestation,2027.0,275884,5801401,44.8
Gold Standard,Industrial efficiency,2027.0,2418,10474202,66.9
Gold Standard,Afforestation/Reforestation,2028.0,249187,5801401,44.8
Gold Standard,Industrial efficiency,2028.0,2418,10474202,66.9
Gold Standard,Afforestation/Reforestation,2029.0,183772,5801401,44.8
Gold Standard,Industrial efficiency,2029.0,2418,10474202,66.9
Gold Standard,Afforestation/Reforestation,2030.0,78838,5801401,44.8
Gold Standard,Industrial efficiency,2030.0,2418,10474202,66.9
Gold Standard,Afforestation/Reforestation,2031.0,78016,5801401,44.8
Gold Standard,Industrial efficiency,2031.0,2418,10474202,66.9
Gold Standard,Afforestation/Reforestation,2032.0,78637,5801401,44.8
Gold Standard,Industrial efficiency,2032.0,2418,10474202,66.9
Gold Standard,Afforestation/Reforestation,2033.0,76826,5801401,44.8
Gold Standard,Industrial efficiency,2033.0,1752,10474202,66.9
Gold Standard,Afforestation/Reforestation,2034.0,73144,5801401,44.8
Gold Standard,Industrial efficiency,2034.0,1692,10474202,66.9
Gold Standard,Afforestation/Reforestation,2035.0,68404,5801401,44.8
Gold Standard,Industrial efficiency,2035.0,1692,10474202,66.9
Gold Standard,Afforestation/Reforestation,2036.0,46663,5801401,44.8
Gold Standard,Industrial efficiency,2036.0,1695,10474202,66.9
Gold Standard,Afforestation/Reforestation,2037.0,40830,5801401,44.8
Gold Standard,Industrial efficiency,2037.0,1692,10474202,66.9
Gold Standard,Afforestation/Reforestation,2038.0,22460,5801401,44.8
Gold Standard,Industrial efficiency,2038.0,1695,10474202,66.9
Gold Standard,Afforestation/Reforestation,2039.0,23339,5801401,44.8
Gold Standard,Industrial efficiency,2039.0,1692,10474202,66.9
Gold Standard,Afforestation/Reforestation,2040.0,20274,5801401,44.8
Gold Standard,Industrial efficiency,2040.0,1684,10474202,66.9
Gold Standard,Afforestation/Reforestation,2041.0,18046,5801401,44.8
Gold Standard,Industrial efficiency,2041.0,1687,10474202,66.9
Gold Standard,Afforestation/Reforestation,2042.0,12446,5801401,44.8
Gold Standard,Industrial efficiency,2042.0,1684,10474202,66.9
Gold Standard,Afforestation/Reforestation,2043.0,11660,5801401,44.8
Gold Standard,Industrial efficiency,2043.0,1470,10474202,66.9
Gold Standard,Afforestation/Reforestation,2044.0,9776,5801401,44.8
Gold Standard,Industrial efficiency,2044.0,1470,10474202,66.9
Gold Standard,Afforestation/Reforestation,2045.0,9675,5801401,44.8
Gold Standard,Industrial efficiency,2045.0,1451,10474202,66.9
Gold Standard,Afforestation/Reforestation,2046.0,7891,5801401,44.8
Gold Standard,Industrial efficiency,2046.0,1451,10474202,66.9
Gold Standard,Afforestation/Reforestation,2047.0,7543,5801401,44.8
Gold Standard,Industrial efficiency,2047.0,1451,10474202,66.9
Gold Standard,Afforestation/Reforestation,2048.0,6323,5801401,44.8
Gold Standard,Industrial efficiency,2048.0,1451,10474202,66.9
Gold Standard,Afforestation/Reforestation,2049.0,7232,5801401,44.8
Gold Standard,Industrial efficiency,2049.0,1451,10474202,66.9
Gold Standard,Afforestation/Reforestation,2050.0,2678,5801401,44.8
Gold Standard,Industrial efficiency,2050.0,1451,10474202,66.9
Gold Standard,Afforestation/Reforestation,2051.0,3010,5801401,44.8
Gold Standard,Industrial efficiency,2051.0,1451,10474202,66.9
Gold Standard,Afforestation/Reforestation,2052.0,2476,5801401,44.8
Gold Standard,Industrial efficiency,2052.0,1451,10474202,66.9
Gold Standard,Afforestation/Reforestation,2053.0,2426,5801401,44.8
Gold Standard,Industrial efficiency,2053.0,1451,10474202,66.9
Gold Standard,Afforestation/Reforestation,2054.0,2361,5801401,44.8
Gold Standard,Industrial efficiency,2054.0,1451,10474202,66.9
Gold Standard,Afforestation/Reforestation,2055.0,2178,5801401,44.8
Gold Standard,Industrial efficiency,2055.0,1451,10474202,66.9
Gold Standard,Afforestation/Reforestation,2056.0,2044,5801401,44.8
Gold Standard,Industrial efficiency,2056.0,1451,10474202,66.9
Gold Standard,Afforestation/Reforestation,2057.0,1916,5801401,44.8
Gold Standard,Industrial efficiency,2057.0,1443,10474202,66.9
Gold Standard,Afforestation/Reforestation,2058.0,1754,5801401,44.8
Gold Standard,Industrial efficiency,2058.0,1253,10474202,66.9
Gold Standard,Afforestation/Reforestation,2059.0,1674,5801401,44.8
Gold Standard,Industrial efficiency,2059.0,1165,10474202,66.9
Gold Standard,Afforestation/Reforestation,2060.0,664,5801401,44.8
Gold Standard,Industrial efficiency,2060.0,2966,10474202,66.9
Gold Standard,Afforestation/Reforestation,2061.0,678,5801401,44.8
